step,mixed,pw_ll,pw_prec,pw_rec,ev_prec,ev_rec,time
train,0.45377710577511754,0.3629018506424485,0.6669704333738355,0.1792234647511768,0.11695906432748537,0.07480314960629919,17.772039890289307
valid,0.5165171991282915,0.42334949726493737,0.4956414726694698,0.22157527966257107,0.06707317073170727,0.069620253164557,0.1419997215270996
test,0.5095569171656696,0.41011557638354673,0.08942993574249838,0.10977639481872783,0.003984063745019917,0.009345794392523366,0.059000492095947266
