step,mixed,pw_ll,pw_prec,pw_rec,ev_prec,ev_rec,time
train,0.42352065981364223,0.33004712826904464,0.6631650288037954,0.15508360408907204,0.0980392156862745,0.048913043478260865,16.258796453475952
valid,0.5304246424921014,0.4424246424921014,0.7144601607815203,0.210670027305188,0.13953488372093026,0.10526315789473684,0.17599844932556152
test,0.4555228585098817,0.3555228585098817,0.5115303983228512,0.05297054779651205,0.0,0.0,0.06499648094177246
