step,mixed,pw_ll,pw_prec,pw_rec,ev_prec,ev_rec,time
train,0.47329051549507883,0.3829920080323922,0.6804729487638839,0.21957592434157283,0.10878661087866104,0.08754208754208759,10.06090760231018
valid,0.519615644824247,0.42125948044068534,0.12652465713452,0.14153283718501108,0.01200000000000001,0.02608695652173909,0.1849994659423828
test,0.512852989156884,0.4144757072096224,0.0765052207006473,0.17020044865764528,0.010362694300518172,0.03738317757009346,0.06899809837341309
