step,mixed,pw_ll,pw_prec,pw_rec,ev_prec,ev_rec,time
train,0.4555269393519995,0.3637956732021287,0.6991624790619766,0.18565413355473848,0.11111111111111116,0.06584362139917699,16.171998500823975
valid,0.4650236027344359,0.37801999262613256,0.6933735766223076,0.20345396723159292,0.16666666666666663,0.10650887573964496,0.16300082206726074
test,0.4688844372655885,0.3688844372655885,0.5377162629757786,0.05622693393154353,0.0,0.0,0.050994157791137695
