step,mixed,pw_ll,pw_prec,pw_rec,ev_prec,ev_rec,time
train,0.46003794086749206,0.3729115040858828,0.6945216533668072,0.2108730569242915,0.1581920903954802,0.10852713178294571,14.196010112762451
valid,0.458661605496019,0.3657135153882814,0.7128639882049392,0.17717112495419568,0.1097560975609756,0.051948051948051965,0.16003847122192383
test,0.46742052514238686,0.3674205251423869,0.5180878552971576,0.05803603733989435,0.0,0.0,0.06899714469909668
